{
  "accuracy": 0.9471298742552549,
  "precision": 0.004183452122714595,
  "recall": 0.06367924528301887,
  "f1": 0.007851119511485897,
  "specificity": 0.9500415866673921,
  "true_positives": 54,
  "false_positives": 12854,
  "true_negatives": 244440,
  "false_negatives": 794,
  "auc_roc": 0.5417904826700709,
  "threshold": 0.000426757731474936,
  "mean_error_normal": 0.00032860395731404424,
  "mean_error_seizure": 0.0003365762531757355
}